system,kind_mix,theta,clients,runs,tps_median,tps_std,abort_rate_median,correctness_median,correctness_median_ignoring_integrity,integrity_status,goodput_median,p50_ms_median,p99_ms_median,p99_9_ms_median,contested_median,missing_live_median,multi_live_median
epistemic,adversarial,0.5,32,1,3970.40,0.00,0.1057,1.0000,1.0000,PASS,3550.83,6.211,26.433,48.539,36343,0,0
epistemic,adversarial,0.5,8,1,2025.15,0.00,0.0642,1.0000,1.0000,PASS,1895.08,3.223,10.992,12.278,20465,0,0
epistemic,adversarial,0.9,32,1,3547.25,0.00,0.2759,1.0000,1.0000,PASS,2568.48,6.603,18.884,27.931,21919,0,0
epistemic,adversarial,0.9,8,1,2131.50,0.00,0.2484,1.0000,1.0000,PASS,1602.01,2.795,10.660,12.184,14378,0,0
epistemic,easy,0.5,32,1,3940.45,0.00,0.1051,1.0000,1.0000,PASS,3526.29,6.313,25.195,42.980,36243,0,0
epistemic,easy,0.5,8,1,2921.50,0.00,0.0937,1.0000,1.0000,PASS,2647.67,1.919,10.088,11.528,30292,0,0
epistemic,easy,0.9,32,1,3330.45,0.00,0.2713,1.0000,1.0000,PASS,2426.77,6.834,23.934,39.579,20801,0,0
epistemic,easy,0.9,8,1,1929.65,0.00,0.2438,1.0000,1.0000,PASS,1459.24,3.430,11.410,13.577,13337,0,0
epistemic,moderate,0.5,32,1,3903.35,0.00,0.1024,1.0000,1.0000,PASS,3503.69,6.266,27.244,46.120,35727,0,0
epistemic,moderate,0.5,8,1,1886.70,0.00,0.0590,1.0000,1.0000,PASS,1775.42,3.654,11.127,12.728,19091,0,0
epistemic,moderate,0.9,32,1,3343.20,0.00,0.2704,1.0000,1.0000,PASS,2439.19,6.805,24.498,41.164,20855,0,0
epistemic,moderate,0.9,8,1,2014.45,0.00,0.2439,1.0000,1.0000,PASS,1523.22,3.051,10.992,12.621,13741,0,0
pg_conf,adversarial,0.5,32,1,3406.25,0.00,0.1942,INTEGRITY_FAIL,0.7838,FAIL,2151.39,6.313,35.102,62.055,35029,0,7
pg_conf,adversarial,0.5,8,1,1621.25,0.00,0.1477,INTEGRITY_FAIL,0.8100,FAIL,1119.32,4.488,10.482,11.997,18369,0,1
pg_conf,adversarial,0.9,32,1,3327.40,0.00,0.3393,INTEGRITY_FAIL,0.7543,FAIL,1658.20,6.615,21.304,33.368,22344,0,9
pg_conf,adversarial,0.9,8,1,1718.95,0.00,0.3081,INTEGRITY_FAIL,0.7750,FAIL,921.74,3.903,11.278,13.595,12995,0,4
pg_conf,easy,0.5,32,1,3345.80,0.00,0.2649,INTEGRITY_FAIL,0.5348,FAIL,1315.23,6.928,13.386,18.539,36943,0,1
pg_conf,easy,0.5,8,1,2804.20,0.00,0.2604,INTEGRITY_FAIL,0.5386,FAIL,1116.98,1.961,4.335,4.875,33115,0,1
pg_conf,easy,0.9,32,1,2916.60,0.00,0.3615,INTEGRITY_FAIL,0.5407,FAIL,1007.01,7.281,13.898,18.091,20892,0,5
pg_conf,easy,0.9,8,1,2931.30,0.00,0.3601,INTEGRITY_FAIL,0.5395,FAIL,1011.90,2.136,4.590,5.194,20765,0,2
pg_conf,moderate,0.5,32,1,3513.30,0.00,0.2352,INTEGRITY_FAIL,0.6476,FAIL,1739.92,6.880,13.407,18.908,36942,0,2
pg_conf,moderate,0.5,8,1,2522.00,0.00,0.2218,INTEGRITY_FAIL,0.6475,FAIL,1270.92,2.464,5.089,5.749,28526,0,1
pg_conf,moderate,0.9,32,1,2987.10,0.00,0.3500,INTEGRITY_FAIL,0.6335,FAIL,1229.96,6.920,27.206,46.834,20895,0,8
pg_conf,moderate,0.9,8,1,1635.45,0.00,0.3282,INTEGRITY_FAIL,0.6404,FAIL,703.64,4.146,10.893,12.365,12722,0,2
pg_heap,adversarial,0.5,32,1,5527.15,0.00,0.0000,INTEGRITY_FAIL,0.0000,FAIL,0.00,5.591,11.578,16.195,42260,0,42260
pg_heap,adversarial,0.5,8,1,7318.95,0.00,0.0000,INTEGRITY_FAIL,0.0000,FAIL,0.00,0.530,3.737,4.296,50802,0,50802
pg_heap,adversarial,0.9,32,1,5260.50,0.00,0.0000,INTEGRITY_FAIL,0.0000,FAIL,0.00,5.466,15.667,18.980,23316,0,23316
pg_heap,adversarial,0.9,8,1,5421.65,0.00,0.0000,INTEGRITY_FAIL,0.0000,FAIL,0.00,0.503,9.149,10.860,24503,0,24503
pg_heap,easy,0.5,32,1,5384.95,0.00,0.0000,INTEGRITY_FAIL,0.0000,FAIL,0.00,5.728,11.988,17.014,41590,0,41590
pg_heap,easy,0.5,8,1,7161.15,0.00,0.0000,INTEGRITY_FAIL,0.0000,FAIL,0.00,0.524,3.874,4.961,50046,0,50046
pg_heap,easy,0.9,32,1,4729.45,0.00,0.0000,INTEGRITY_FAIL,0.0000,FAIL,0.00,5.878,19.820,31.130,21566,0,21566
pg_heap,easy,0.9,8,1,7176.25,0.00,0.0000,INTEGRITY_FAIL,0.0000,FAIL,0.00,0.535,3.799,4.328,28673,0,28673
pg_heap,moderate,0.5,32,1,5258.95,0.00,0.0000,INTEGRITY_FAIL,0.0000,FAIL,0.00,5.694,15.111,19.512,40743,0,40743
pg_heap,moderate,0.5,8,1,7394.60,0.00,0.0000,INTEGRITY_FAIL,0.0000,FAIL,0.00,0.524,4.054,10.991,51189,0,51189
pg_heap,moderate,0.9,32,1,5378.95,0.00,0.0000,INTEGRITY_FAIL,0.0000,FAIL,0.00,5.737,12.007,16.122,23429,0,23429
pg_heap,moderate,0.9,8,1,7035.45,0.00,0.0000,INTEGRITY_FAIL,0.0000,FAIL,0.00,0.528,3.911,4.549,28076,0,28076
pg_llm,adversarial,0.5,8,1,65.75,0.00,0.1630,0.6760,0.6760,PASS,37.21,3.691,463.865,816.605,889,0,0
pg_llm,adversarial,0.9,8,1,64.15,0.00,0.1712,INTEGRITY_FAIL,0.6498,FAIL,34.55,3.918,456.949,683.801,671,0,7
pg_llm,easy,0.5,8,1,63.25,0.00,0.1732,0.6570,0.6570,PASS,34.36,4.541,466.386,687.323,895,0,0
pg_llm,easy,0.9,8,1,64.20,0.00,0.1848,INTEGRITY_FAIL,0.6567,FAIL,34.37,4.270,461.675,680.591,702,0,6
pg_llm,moderate,0.5,8,1,61.95,0.00,0.1981,0.6207,0.6207,PASS,30.83,3.821,473.511,682.693,891,0,0
pg_llm,moderate,0.9,8,1,62.60,0.00,0.1907,INTEGRITY_FAIL,0.6212,FAIL,31.47,3.621,462.985,749.722,689,0,6
pg_lww,adversarial,0.5,32,1,3732.05,0.00,0.0000,INTEGRITY_FAIL,0.8652,FAIL,3228.85,6.795,39.854,73.684,32144,0,14
pg_lww,adversarial,0.5,8,1,1822.80,0.00,0.0000,0.9202,0.9202,PASS,1677.32,4.163,11.327,12.845,17830,0,0
pg_lww,adversarial,0.9,32,1,4058.10,0.00,0.0000,INTEGRITY_FAIL,0.8304,FAIL,3369.99,6.600,29.856,49.647,19562,0,71
pg_lww,adversarial,0.9,8,1,2180.80,0.00,0.0000,INTEGRITY_FAIL,0.8623,FAIL,1880.46,3.102,11.376,13.071,11872,0,16
pg_lww,easy,0.5,32,1,3752.05,0.00,0.0000,INTEGRITY_FAIL,0.8626,FAIL,3236.42,6.468,46.517,86.166,32439,0,10
pg_lww,easy,0.5,8,1,3244.10,0.00,0.0000,INTEGRITY_FAIL,0.8731,FAIL,2832.29,2.368,5.436,6.085,29746,0,11
pg_lww,easy,0.9,32,1,3843.50,0.00,0.0000,INTEGRITY_FAIL,0.8323,FAIL,3198.81,6.469,40.813,76.803,18875,0,67
pg_lww,easy,0.9,8,1,2112.10,0.00,0.0000,INTEGRITY_FAIL,0.8571,FAIL,1810.22,2.960,11.995,14.245,11600,0,18
pg_lww,moderate,0.5,32,1,3741.50,0.00,0.0000,INTEGRITY_FAIL,0.8666,FAIL,3242.42,6.670,43.237,84.197,32109,0,11
pg_lww,moderate,0.5,8,1,1689.75,0.00,0.0000,0.9255,0.9255,PASS,1563.85,4.827,11.070,12.629,16562,0,0
pg_lww,moderate,0.9,32,1,3726.60,0.00,0.0000,INTEGRITY_FAIL,0.8360,FAIL,3115.61,6.450,44.338,81.704,18310,0,59
pg_lww,moderate,0.9,8,1,2162.20,0.00,0.0000,INTEGRITY_FAIL,0.8604,FAIL,1860.28,3.120,11.443,13.202,11752,0,15
pg_mv,adversarial,0.5,32,1,3546.20,0.00,0.0944,INTEGRITY_FAIL,0.8629,FAIL,2770.96,6.866,36.151,59.781,33244,0,3
pg_mv,adversarial,0.5,8,1,1752.75,0.00,0.0566,0.9187,0.9187,PASS,1519.05,4.238,11.401,13.280,17911,0,0
pg_mv,adversarial,0.9,32,1,3510.95,0.00,0.2744,INTEGRITY_FAIL,0.8203,FAIL,2089.63,6.400,24.390,40.683,21687,0,10
pg_mv,adversarial,0.9,8,1,1983.65,0.00,0.2416,0.8505,0.8505,PASS,1279.52,3.404,10.487,11.908,13501,0,0
pg_mv,easy,0.5,32,1,3440.00,0.00,0.0959,INTEGRITY_FAIL,0.8624,FAIL,2682.17,6.476,43.763,80.590,32857,0,7
pg_mv,easy,0.5,8,1,2535.75,0.00,0.0832,0.8829,0.8829,PASS,2052.56,2.312,10.536,12.085,26935,0,0
pg_mv,easy,0.9,32,1,3163.00,0.00,0.2695,INTEGRITY_FAIL,0.8296,FAIL,1916.77,6.878,30.487,54.618,20229,0,8
pg_mv,easy,0.9,8,1,1805.10,0.00,0.2380,INTEGRITY_FAIL,0.8565,FAIL,1178.10,3.875,11.423,12.985,12568,0,2
pg_mv,moderate,0.5,32,1,3483.50,0.00,0.0938,INTEGRITY_FAIL,0.8630,FAIL,2724.24,6.693,40.609,77.587,32812,0,7
pg_mv,moderate,0.5,8,1,1681.90,0.00,0.0538,INTEGRITY_FAIL,0.9209,FAIL,1465.57,4.642,10.769,12.225,17214,0,1
pg_mv,moderate,0.9,32,1,3207.05,0.00,0.2680,INTEGRITY_FAIL,0.8253,FAIL,1937.49,6.687,31.782,58.263,20239,0,3
pg_mv,moderate,0.9,8,1,1818.65,0.00,0.2384,INTEGRITY_FAIL,0.8597,FAIL,1190.67,3.845,11.250,12.805,12543,0,1
pg_trigger,adversarial,0.5,32,1,2903.50,0.00,0.2126,0.6768,0.6768,PASS,1547.33,7.797,47.450,77.448,31939,0,0
pg_trigger,adversarial,0.5,8,1,1397.10,0.00,0.1917,INTEGRITY_FAIL,0.6730,FAIL,759.95,6.082,10.755,12.198,17118,0,2
pg_trigger,adversarial,0.9,32,1,3283.90,0.00,0.3374,INTEGRITY_FAIL,0.6875,FAIL,1495.92,6.431,29.626,49.126,22057,0,8
pg_trigger,adversarial,0.9,8,1,1795.50,0.00,0.3181,INTEGRITY_FAIL,0.6884,FAIL,842.83,4.069,10.086,11.420,13598,0,1
pg_trigger,easy,0.5,32,1,2973.70,0.00,0.0892,INTEGRITY_FAIL,0.9874,FAIL,2674.33,7.516,51.062,95.621,29081,0,7
pg_trigger,easy,0.5,8,1,2346.25,0.00,0.0805,INTEGRITY_FAIL,0.9874,FAIL,2130.09,2.397,8.301,9.641,24428,0,3
pg_trigger,easy,0.9,32,1,2921.15,0.00,0.2676,INTEGRITY_FAIL,0.9852,FAIL,2107.79,6.693,44.065,77.221,19071,0,14
pg_trigger,easy,0.9,8,1,1554.30,0.00,0.2348,INTEGRITY_FAIL,0.9856,FAIL,1172.24,5.138,11.034,12.460,11076,0,3
pg_trigger,moderate,0.5,32,1,2730.05,0.00,0.1174,INTEGRITY_FAIL,0.8903,FAIL,2145.31,8.310,60.725,110.401,27961,0,9
pg_trigger,moderate,0.5,8,1,1276.50,0.00,0.0856,0.8930,0.8930,PASS,1042.39,7.023,10.862,12.508,13987,0,0
pg_trigger,moderate,0.9,32,1,2983.80,0.00,0.2834,INTEGRITY_FAIL,0.8898,FAIL,1902.62,6.499,46.987,85.572,19463,0,11
pg_trigger,moderate,0.9,8,1,1654.55,0.00,0.2555,INTEGRITY_FAIL,0.8909,FAIL,1097.35,4.594,11.237,12.789,11801,0,2
